City_ID,City,Country,Lat,Lng,Max Temp,Humidity,Cloudiness,Wind Speed,Current Description
0,Castro,BR,-24.7911,-50.0119,60.12,68,99,4.47,overcast clouds
1,Warrnambool,AU,-38.3833,142.4833,48.81,81,96,17.92,overcast clouds
2,Tiksi,RU,71.6872,128.8694,40.84,82,94,3.87,overcast clouds
3,Busselton,AU,-33.65,115.3333,58.17,66,100,4.79,overcast clouds
4,Ponta Do Sol,PT,32.6667,-17.1,70.43,82,23,4.03,few clouds
5,Saint-Philippe,RE,-21.3585,55.7679,63.99,84,53,9.24,light rain
6,Asahikawa,JP,43.7678,142.3703,72.61,68,75,10.36,heavy intensity rain
7,Hermanus,ZA,-34.4187,19.2345,54.81,79,97,8.66,overcast clouds
8,Terrace Bay,CA,48.7834,-87.1,51.57,91,44,4.81,scattered clouds
9,Avarua,CK,-21.2078,-159.775,75.25,64,75,16.11,broken clouds
10,Tooele,US,40.5308,-112.2983,87.89,37,0,8.05,clear sky
11,Cape Town,ZA,-33.9258,18.4232,59.38,87,83,3.44,fog
12,Nanortalik,GL,60.1432,-45.2371,41.36,93,56,10.22,broken clouds
13,Narowal,PK,32.1,74.8833,78.69,70,67,3.29,broken clouds
14,Karratha,AU,-20.7377,116.8463,63.41,33,1,10.78,clear sky
15,Ushuaia,AR,-54.8,-68.3,35.26,60,20,9.22,few clouds
16,Khatanga,RU,71.9667,102.5,60.04,53,88,5.77,overcast clouds
17,Poum,NC,-20.2333,164.0167,71.82,56,0,22.01,clear sky
18,Mar Del Plata,AR,-38.0023,-57.5575,50.88,96,100,10.36,drizzle
19,Barrow,US,71.2906,-156.7887,39.22,81,100,13.8,overcast clouds
20,Los Llanos De Aridane,ES,28.6585,-17.9182,67.75,93,0,11.5,clear sky
21,Saint-Francois,FR,46.4154,3.9054,62.04,63,0,0.0,clear sky
22,Sao Joao Da Barra,BR,-21.6403,-41.0511,71.94,79,72,18.79,broken clouds
23,Sitka,US,57.0531,-135.33,55.29,88,100,4.61,overcast clouds
24,Esperance,AU,-33.8667,121.9,58.75,75,92,12.06,overcast clouds
25,Sangmelima,CM,2.9333,11.9833,66.25,100,37,2.86,scattered clouds
26,Vaini,TO,-21.2,-175.2,80.76,94,20,9.22,few clouds
27,Yerraguntla,IN,14.6372,78.5395,79.86,67,96,16.31,overcast clouds
28,Kapaa,US,22.0752,-159.319,84.18,69,20,13.8,few clouds
29,Luau,AO,-10.7073,22.2247,61.27,46,20,6.26,few clouds
30,San Vicente,AR,-26.6167,-54.1333,72.32,52,100,6.96,overcast clouds
31,Broome,US,42.2506,-75.833,74.17,57,2,4.61,clear sky
32,Rikitea,PF,-23.1203,-134.9692,68.2,80,100,10.31,light rain
33,Hudiksvall,SE,61.729,17.1036,47.64,90,100,14.36,overcast clouds
34,Hambantota,LK,6.1241,81.1185,78.35,82,99,15.64,overcast clouds
35,Glamoc,BA,44.0458,16.8486,58.15,83,0,4.25,clear sky
36,Vredendal,ZA,-31.6683,18.5012,61.83,40,68,9.35,broken clouds
37,Hobart,AU,-42.8794,147.3294,49.26,83,100,10.36,moderate rain
38,Mataura,NZ,-46.1927,168.8643,41.43,84,81,5.37,broken clouds
39,Cabra,ES,37.4725,-4.4421,78.08,29,0,5.53,clear sky
40,Vylkove,UA,45.4021,29.586,69.06,75,29,4.45,scattered clouds
41,Albany,US,42.6001,-73.9662,75.58,54,38,2.21,scattered clouds
42,Okhtyrka,UA,50.3104,34.8988,55.15,95,88,6.06,overcast clouds
43,Xuanwu,CN,32.069,118.8138,87.75,78,97,2.26,overcast clouds
44,Codrington,AU,-38.2667,141.9667,48.04,83,100,18.19,overcast clouds
45,Thomasville,US,35.8826,-80.082,85.87,66,59,4.88,broken clouds
46,Chokurdakh,RU,70.6333,147.9167,48.49,80,78,16.53,broken clouds
47,San Quintin,MX,30.4833,-115.95,71.44,69,4,12.12,clear sky
48,Shelopugino,RU,51.6514,117.5599,62.15,98,100,3.4,overcast clouds
49,Lebu,CL,-37.6167,-73.65,44.56,80,41,9.48,scattered clouds
50,Sabang,ID,5.8933,95.3214,82.17,77,100,18.39,overcast clouds
51,San Cristobal,VE,7.7669,-72.225,75.38,97,39,2.98,scattered clouds
52,Faanui,PF,-16.4833,-151.75,77.7,59,69,19.08,broken clouds
53,Tirumullaivasal,IN,11.2333,79.8333,81.37,67,98,10.42,overcast clouds
54,Geilo,NO,60.5333,8.2076,46.56,72,64,7.96,broken clouds
55,Bathsheba,BB,13.2167,-59.5167,81.21,89,40,20.71,scattered clouds
56,Calama,CL,-22.4667,-68.9333,46.89,27,0,11.5,clear sky
57,Port Hardy,CA,50.6996,-127.4199,66.38,59,75,6.91,broken clouds
58,Nichinan,JP,31.6,131.3667,76.68,82,79,9.51,light rain
59,Jamestown,US,42.097,-79.2353,73.04,37,0,6.91,clear sky
60,Atuona,PF,-9.8,-139.0333,77.25,75,2,13.85,clear sky
61,Bethel,US,41.3712,-73.414,79.16,64,38,2.33,scattered clouds
62,Saint George,US,37.1041,-113.5841,106.25,20,0,10.36,clear sky
63,Punta Arenas,CL,-53.15,-70.9167,21.31,93,20,5.75,few clouds
64,Aklavik,CA,68.2191,-135.0107,57.2,58,75,2.3,broken clouds
65,Ixtapa,MX,20.7,-105.2,81.28,84,100,2.21,overcast clouds
66,Vostok,RU,46.4856,135.8833,64.69,73,100,6.29,overcast clouds
67,General Roca,AR,-39.0333,-67.5833,41.63,78,100,11.59,overcast clouds
68,Cabo San Lucas,MX,22.8909,-109.9124,92.61,45,0,11.5,clear sky
69,Fuxin,CN,42.0156,121.6589,73.35,72,31,11.68,scattered clouds
70,Saskylakh,RU,71.9167,114.0833,55.38,51,30,1.57,scattered clouds
71,Sao Filipe,CV,14.8961,-24.4956,74.64,81,100,6.22,overcast clouds
72,Seoul,KR,37.5683,126.9778,76.6,81,75,8.05,mist
73,East London,ZA,-33.0153,27.9116,59.4,71,4,12.68,clear sky
74,Carnarvon,AU,-24.8667,113.6333,64.02,49,0,10.76,clear sky
75,Emba,KZ,48.8264,58.1442,71.94,43,0,8.23,clear sky
76,Caravelas,BR,-17.7125,-39.2481,70.45,80,16,5.06,few clouds
77,Saryg-Sep,RU,51.5,95.6,54.27,66,57,2.53,broken clouds
78,Provideniya,RU,64.3833,-173.3,49.46,61,66,4.07,broken clouds
79,Kouroussa,GN,10.65,-9.8833,72.3,92,37,3.29,scattered clouds
80,Manavgat,TR,36.7867,31.4431,77.9,51,0,3.33,clear sky
81,Hilo,US,19.7297,-155.09,90.28,81,75,10.36,broken clouds
82,Honavar,IN,14.2833,74.45,78.1,89,62,12.8,moderate rain
83,Jalu,LY,29.0331,21.5482,77.41,52,0,16.82,clear sky
84,San Patricio,US,28.017,-97.5169,87.69,65,98,11.07,overcast clouds
85,Puerto Ayora,EC,-0.7393,-90.3518,70.56,91,78,8.01,broken clouds
86,The Valley,AI,18.217,-63.0578,82.81,83,20,12.66,few clouds
87,Alyangula,AU,-13.8483,136.4192,72.79,58,92,12.15,overcast clouds
88,Liuzhou,CN,24.3126,109.3892,82.49,85,96,9.13,overcast clouds
89,Porbandar,IN,21.6422,69.6093,81.39,88,100,22.08,overcast clouds
90,Ilulissat,GL,69.2167,-51.1,44.62,87,20,3.44,fog
91,La Ciotat,FR,43.1748,5.6045,84.09,84,4,4.61,clear sky
92,Male,MV,4.1748,73.5089,82.35,89,40,9.22,scattered clouds
93,Airai,TL,-8.9266,125.4092,61.21,70,98,3.2,overcast clouds
94,Arazede,PT,40.2863,-8.65,65.05,92,34,2.95,scattered clouds
95,Tilichiki,RU,60.4667,166.1,58.62,70,35,8.7,scattered clouds
96,Yellowknife,CA,62.456,-114.3525,64.92,63,75,4.61,broken clouds
97,Benghazi,LY,32.1167,20.0667,76.87,66,0,9.57,clear sky
98,Tuktoyaktuk,CA,69.4541,-133.0374,42.8,75,20,5.75,few clouds
99,Sao Felix Do Xingu,BR,-6.6447,-51.995,80.37,56,71,0.89,broken clouds
100,Jiuquan,CN,39.7432,98.5174,71.51,42,100,8.25,overcast clouds
101,Bluff,NZ,-46.6,168.3333,45.43,74,85,21.3,overcast clouds
102,Erenhot,CN,43.6475,111.9767,78.24,36,57,10.11,broken clouds
103,New Norfolk,AU,-42.7826,147.0587,48.92,83,100,3.38,light rain
104,Richards Bay,ZA,-28.783,32.0377,63.91,76,78,1.74,broken clouds
105,Sur,OM,22.5667,59.5289,87.57,69,100,4.18,overcast clouds
106,Bredasdorp,ZA,-34.5322,20.0403,50.5,90,98,3.87,overcast clouds
107,Meulaboh,ID,4.1363,96.1285,75.9,86,83,3.85,broken clouds
108,Necochea,AR,-38.5473,-58.7368,49.24,95,99,14.12,overcast clouds
109,Uray,RU,60.1247,64.7758,65.39,90,83,3.22,broken clouds
110,Noshiro,JP,40.2039,140.0242,74.23,71,100,9.13,overcast clouds
111,Olga,RU,43.7444,135.2892,60.96,98,100,19.22,light rain
112,Honningsvag,NO,70.9821,25.9704,53.35,76,75,0.0,broken clouds
113,Mancio Lima,BR,-7.6142,-72.8958,82.47,78,20,3.44,few clouds
114,Ahipara,NZ,-35.1667,173.1667,55.92,73,58,10.25,broken clouds
115,Chuy,UY,-33.6971,-53.4616,58.87,99,100,2.3,overcast clouds
116,Hithadhoo,MV,-0.6,73.0833,83.66,73,73,14.47,broken clouds
117,Raudeberg,NO,61.9875,5.1352,48.87,80,88,13.76,overcast clouds
118,Bilibino,RU,68.0546,166.4372,64.49,40,99,13.49,overcast clouds
119,Namibe,AO,-15.1961,12.1522,66.56,87,67,4.92,broken clouds
120,Atambua,ID,-9.1061,124.8925,73.02,69,98,4.92,overcast clouds
121,Arraial Do Cabo,BR,-22.9661,-42.0278,71.56,78,0,13.8,clear sky
122,Aykhal,RU,66.0,111.5,49.64,98,100,14.05,light rain
123,Nishihara,JP,26.1842,127.7558,85.68,89,75,11.5,broken clouds
124,Serenje,ZM,-13.2325,30.2352,55.65,58,27,11.32,scattered clouds
125,Katsuura,JP,35.1333,140.3,75.22,91,100,9.78,moderate rain
126,Paita,PE,-5.0892,-81.1144,64.78,75,0,20.8,clear sky
127,Opuwo,NA,-18.0607,13.84,58.01,31,0,8.21,clear sky
128,Dikson,RU,73.5069,80.5464,45.37,77,82,8.32,broken clouds
129,Baruun-Urt,MN,46.6806,113.2792,66.25,75,100,11.1,overcast clouds
130,Srednekolymsk,RU,67.45,153.6833,76.42,44,47,8.59,scattered clouds
131,Mossendjo,CG,-2.9506,12.7261,64.78,97,5,3.67,clear sky
132,Tasiilaq,GL,65.6145,-37.6368,48.36,71,100,9.28,overcast clouds
133,Weyburn,CA,49.6668,-103.8511,89.82,48,11,12.66,few clouds
134,Sorland,NO,67.667,12.6934,48.06,83,100,10.42,overcast clouds
135,Awjilah,LY,29.1081,21.2869,76.39,56,0,15.28,clear sky
136,Juybar,IR,36.6412,52.9124,74.46,90,3,3.09,clear sky
137,Bambous Virieux,MU,-20.3428,57.7575,68.22,94,75,11.5,light rain
138,Hamilton,US,39.1834,-84.5333,83.64,57,75,11.5,broken clouds
139,Leningradskiy,RU,69.3833,178.4167,45.0,65,98,7.36,overcast clouds
140,San Jeronimo,PE,-11.9472,-75.2829,52.11,68,22,5.86,few clouds
141,Nikolskoye,RU,59.7035,30.7861,57.09,98,39,5.5,scattered clouds
142,Skibbereen,IE,51.55,-9.2667,61.11,89,63,4.09,broken clouds
143,Disna,BY,55.568,28.1971,50.36,97,29,10.83,scattered clouds
144,Mount Pleasant,US,32.7941,-79.8626,82.99,79,0,7.0,clear sky
145,Bilma,NE,18.6853,12.9164,83.14,54,83,3.6,broken clouds
146,Sibu,MY,2.3,111.8167,75.51,94,40,2.3,mist
147,Puro,PH,12.4841,123.3827,83.48,75,94,1.28,overcast clouds
148,Adrar,MR,20.5022,-10.0711,95.88,17,34,7.05,scattered clouds
149,Kokorevka,RU,52.5872,34.2778,50.59,97,0,4.54,clear sky
150,Dingle,PH,10.9995,122.6711,80.58,84,97,1.95,overcast clouds
151,Sinnamary,GF,5.3833,-52.95,78.01,86,52,6.62,broken clouds
152,Pskov,RU,57.8136,28.3496,55.31,88,40,8.95,scattered clouds
153,Guia De Isora,ES,28.2115,-16.7795,76.32,100,7,5.03,clear sky
154,Kodiak,US,57.79,-152.4072,60.31,72,40,6.91,scattered clouds
155,Iwanai,JP,42.9744,140.5089,64.49,97,100,7.47,moderate rain
156,Pacific Grove,US,36.6177,-121.9166,80.55,78,40,11.5,scattered clouds
157,Hofn,IS,64.2539,-15.2082,50.77,86,99,3.78,overcast clouds
158,Yulara,AU,-25.2406,130.9889,54.63,21,0,0.54,clear sky
159,Eldorado,BR,-23.7869,-54.2836,74.48,41,100,9.91,overcast clouds
160,Valparaiso,CL,-33.0393,-71.6273,49.48,88,75,9.22,broken clouds
161,Touros,BR,-5.1989,-35.4608,74.53,90,9,13.06,clear sky
162,College,US,64.8569,-147.8028,71.58,38,75,9.22,broken clouds
163,Klungkung,ID,-8.5333,115.4,77.68,87,85,2.89,overcast clouds
164,Mayo,US,38.8876,-76.5119,84.61,71,0,6.91,clear sky
165,Floro,NO,61.5996,5.0328,50.23,81,100,6.91,overcast clouds
166,Berekum,GH,7.4534,-2.584,70.63,97,90,6.24,overcast clouds
167,Cidreira,BR,-30.1811,-50.2056,62.22,97,92,8.88,overcast clouds
168,Mehamn,NO,71.0357,27.8492,53.55,87,60,5.75,broken clouds
169,Reconquista,AR,-29.15,-59.65,58.08,92,100,10.33,overcast clouds
170,Georgetown,MY,5.4112,100.3354,81.9,90,20,3.44,few clouds
171,Port Alfred,ZA,-33.5906,26.891,58.39,78,25,11.59,scattered clouds
172,Pyu,MM,18.4833,96.4333,75.83,96,97,2.48,overcast clouds
173,Kiknur,RU,57.3034,47.2011,57.97,94,38,6.49,scattered clouds
174,Yarkovo,RU,57.4028,67.0786,61.52,98,77,6.35,broken clouds
175,Igrim,RU,63.1906,64.4162,64.31,90,39,6.55,scattered clouds
176,Kavaratti,IN,10.5669,72.642,81.23,81,80,16.62,broken clouds
177,Hami,CN,42.8,93.45,80.6,9,34,12.53,scattered clouds
178,Constitucion,CL,-35.3333,-72.4167,43.09,92,100,8.52,moderate rain
179,Lalmohan,BD,22.3384,90.7419,83.66,83,20,18.99,few clouds
180,Lagoa,PT,39.05,-27.9833,68.83,92,28,12.08,scattered clouds
181,Olinda,BR,-8.0089,-34.8553,74.93,88,75,8.05,broken clouds
182,Porto-Vecchio,FR,41.591,9.2795,74.73,68,0,3.44,clear sky
183,Jadu,LY,31.953,12.0261,70.16,50,0,8.66,clear sky
184,Bremerton,US,47.5673,-122.6326,82.83,58,0,16.11,clear sky
185,Geraldton,AU,-28.7667,114.6,50.41,93,0,11.5,clear sky
186,Udachnyy,RU,66.4167,112.4,48.45,100,100,14.2,light rain
187,Ginda,IN,30.6945,78.4932,64.67,74,9,5.5,clear sky
188,Paamiut,GL,61.994,-49.6678,40.05,82,100,1.68,overcast clouds
189,Raga,SS,8.4596,25.678,69.67,86,97,1.81,overcast clouds
190,Coihaique,CL,-45.5752,-72.0662,28.35,86,20,2.3,few clouds
191,Torbat-E Jam,IR,35.244,60.6225,74.71,15,0,13.67,clear sky
192,Torbay,CA,47.6666,-52.7314,65.88,89,75,3.44,broken clouds
193,Jinxiang,CN,27.4327,120.6062,84.92,77,100,7.38,overcast clouds
194,Verkhoyansk,RU,67.5447,133.385,58.55,69,100,10.85,overcast clouds
195,Thompson,CA,55.7435,-97.8558,82.56,32,20,10.36,few clouds
196,Anori,BR,-3.7728,-61.6442,79.84,76,90,1.45,overcast clouds
197,Port Blair,IN,11.6667,92.75,78.84,94,100,3.44,very heavy rain
198,Tomatlan,MX,19.9333,-105.25,83.52,73,100,5.79,overcast clouds
199,Ribeira Grande,PT,38.5167,-28.7,69.91,90,49,7.67,scattered clouds
200,Pisco,PE,-13.7,-76.2167,62.65,77,21,14.97,haze
201,Pangkalanbuun,ID,-2.6833,111.6167,75.76,95,59,2.77,broken clouds
202,Carballo,ES,43.213,-8.691,65.89,90,52,1.66,broken clouds
203,Qaanaaq,GL,77.484,-69.3632,51.35,59,54,8.19,broken clouds
204,Lasa,IT,46.6166,10.7002,72.48,88,4,3.65,clear sky
205,Lavrentiya,RU,65.5833,-171.0,47.59,59,9,4.76,clear sky
206,Bengkulu,ID,-3.8004,102.2655,76.12,86,100,3.47,moderate rain
207,Aviles,ES,43.5547,-5.9248,74.17,87,0,4.61,clear sky
208,Dicabisagan,PH,17.0818,122.4157,84.15,78,72,3.71,broken clouds
209,Makakilo City,US,21.3469,-158.0858,82.72,57,100,12.66,overcast clouds
210,Quang Ngai,VN,15.1167,108.8,81.28,83,37,3.91,scattered clouds
211,Kaitangata,NZ,-46.2817,169.8464,42.37,77,52,9.86,broken clouds
212,Galveston,US,29.3669,-94.9669,87.03,76,0,9.22,clear sky
213,Sovetskiy,RU,61.3614,63.5842,65.77,89,27,3.74,scattered clouds
214,Santa Eulalia,PE,-11.85,-76.6833,51.4,52,0,1.36,clear sky
215,Kavieng,PG,-2.5744,150.7967,83.19,71,78,8.75,broken clouds
216,Thanh Hoa,VN,19.8,105.7667,81.79,86,48,2.68,scattered clouds
217,Saint-Ambroise,CA,48.5501,-71.3324,75.52,53,63,3.44,broken clouds
218,Micheweni,TZ,-4.9667,39.8333,74.05,87,77,11.81,broken clouds
219,Belyy Yar,RU,53.6039,91.3903,53.49,87,0,0.0,clear sky
220,Souillac,MU,-20.5167,57.5167,66.58,94,75,11.5,broken clouds
221,Husavik,IS,66.0449,-17.3389,50.86,77,54,5.3,broken clouds
222,Bambanglipuro,ID,-7.95,110.2833,75.78,88,29,3.27,scattered clouds
223,Easley,US,34.8298,-82.6015,88.39,62,75,4.61,broken clouds
224,Saint Anthony,US,45.0205,-93.218,88.18,56,40,6.91,scattered clouds
225,Bayir,TR,37.2687,28.2167,64.92,44,0,4.09,clear sky
226,Discovery Bay,US,37.9085,-121.6002,98.22,20,0,20.71,clear sky
227,Ancud,CL,-41.8697,-73.8203,40.23,77,0,3.44,clear sky
228,Kosovo Polje,XK,42.6394,21.0961,64.36,68,0,0.0,clear sky
229,Sayaxche,GT,16.5167,-90.1667,78.12,84,100,3.85,overcast clouds
230,Lompoc,US,34.6391,-120.4579,87.78,70,0,14.97,clear sky
231,Walvis Bay,NA,-22.9575,14.5053,72.09,24,0,11.5,clear sky
232,Terney,RU,45.0503,136.6092,59.54,96,100,14.36,light rain
233,Hailar,CN,49.2,119.7,69.12,82,91,9.84,overcast clouds
234,Biskamzha,RU,53.4497,89.5272,54.88,71,94,1.39,overcast clouds
235,Talnakh,RU,69.4865,88.3972,61.21,58,6,1.21,clear sky
236,Rio Grande,BR,-32.035,-52.0986,62.71,98,72,8.14,broken clouds
237,Izhma,RU,65.0083,53.9113,68.67,74,51,7.85,broken clouds
238,Belaya Gora,RU,68.5333,146.4167,66.61,57,55,15.95,broken clouds
239,Takoradi,GH,4.8845,-1.7554,75.11,89,91,11.16,overcast clouds
240,Iskateley,RU,67.6803,53.1512,70.21,74,93,10.29,overcast clouds
241,Cairns,AU,-16.9167,145.7667,72.07,86,75,14.97,broken clouds
242,Avera,US,33.194,-82.5271,83.55,81,79,6.42,broken clouds
243,Yining,CN,29.0361,114.5636,85.93,70,100,1.03,overcast clouds
244,Amga,RU,60.8953,131.9608,79.14,62,30,3.44,scattered clouds
245,Cape Coast,GH,5.1053,-1.2466,75.29,89,90,11.88,light rain
246,Mopti,ML,14.6667,-4.0,84.24,79,0,9.22,clear sky
247,Mahebourg,MU,-20.4081,57.7,68.25,94,75,11.5,broken clouds
248,Rawatsar,IN,29.2833,74.3833,87.67,60,58,8.61,broken clouds
249,Abonnema,NG,4.7084,6.7931,75.54,85,99,5.82,overcast clouds
250,Namatanai,PG,-3.6667,152.4333,83.64,68,88,5.53,overcast clouds
251,Hay River,CA,60.8156,-115.7999,62.58,77,75,11.5,broken clouds
252,Egvekinot,RU,66.3167,-179.1667,47.66,56,83,4.68,broken clouds
253,Oussouye,SN,12.485,-16.5469,82.49,83,100,8.34,overcast clouds
254,Khandyga,RU,62.6667,135.6,78.49,66,11,1.19,few clouds
255,Mosjoen,NO,65.836,13.1908,48.72,87,75,2.3,broken clouds
256,Gat,IL,31.61,34.7642,77.68,100,0,3.44,clear sky
257,Senno,RU,59.5336,33.9167,52.27,98,16,4.83,few clouds
258,Paldiski,EE,59.3567,24.0531,55.9,87,40,10.36,scattered clouds
259,Mokrous,RU,51.2333,47.5167,62.22,76,0,4.18,clear sky
260,Owo,NG,7.1962,5.5868,69.26,99,93,3.6,overcast clouds
261,Molchanovo,RU,57.5817,83.7692,55.33,82,85,0.56,overcast clouds
262,Mporokoso,ZM,-9.3727,30.125,59.18,62,33,8.93,scattered clouds
263,Sheridan,US,44.8333,-106.9173,91.78,28,75,17.27,broken clouds
264,Porto Belo,BR,-27.1578,-48.5531,65.79,95,100,4.59,overcast clouds
265,Fortuna,US,40.5982,-124.1573,70.93,73,40,8.99,scattered clouds
266,Dalby,AU,-27.1833,151.2667,57.42,53,0,2.95,clear sky
267,Lyngseidet,NO,69.5763,20.2189,55.4,82,76,2.64,broken clouds
268,Alpoyeca,MX,17.6667,-98.5167,71.17,95,98,3.62,overcast clouds
269,Dukat,RU,62.55,155.55,75.99,34,13,6.26,few clouds
270,Mezen,RU,65.8522,44.24,65.21,97,100,9.46,light rain
271,Vanimo,PG,-2.6741,141.3028,81.28,79,92,5.19,light rain
272,Gudur,IN,14.1333,79.85,84.61,56,80,14.65,broken clouds
273,Rockhampton,AU,-23.3833,150.5,64.29,59,9,11.5,clear sky
274,Jeremie,HT,18.65,-74.1167,80.91,80,31,4.14,scattered clouds
275,Nizhniy Tsasuchey,RU,50.5167,115.1333,64.47,91,100,4.25,moderate rain
276,Qaqortoq,GL,60.7167,-46.0333,40.48,93,60,7.0,broken clouds
277,Sungairaya,ID,0.7,108.9,79.45,82,82,3.47,broken clouds
278,Dong Hoi,VN,17.4833,106.6,81.59,83,22,3.87,few clouds
279,Butaritari,KI,3.0707,172.7902,81.81,81,100,19.01,light rain
280,Tatawin,TN,32.9297,10.4518,72.5,67,0,4.5,clear sky
281,Marivan,IR,35.5219,46.176,74.07,22,0,7.67,clear sky
282,Port Macquarie,AU,-31.4333,152.9167,57.88,59,94,6.64,overcast clouds
283,Klaksvik,FO,62.2266,-6.589,49.12,76,50,4.85,scattered clouds
284,Eidfjord,NO,60.4675,7.0719,51.04,89,89,4.76,overcast clouds
285,Sioux Lookout,CA,50.1001,-91.917,82.47,47,20,12.66,few clouds
286,Murdochville,CA,48.9583,-65.5006,61.84,54,61,11.27,broken clouds
287,Portland,US,45.5234,-122.6762,86.63,34,20,5.75,few clouds
288,Waddan,LY,29.1614,16.139,74.89,51,0,7.78,clear sky
289,Norman Wells,CA,65.282,-126.8329,60.84,59,40,13.8,scattered clouds
290,Norsup,VU,-16.0667,167.3833,78.82,79,54,18.32,broken clouds
291,Port-Gentil,GA,-0.7193,8.7815,75.16,83,100,9.22,overcast clouds
292,Kruisfontein,ZA,-34.0033,24.7314,53.42,71,96,5.32,overcast clouds
293,Novobirilyussy,RU,56.9514,90.6661,53.85,98,100,0.43,light rain
294,Vestmannaeyjar,IS,63.4427,-20.2734,52.72,94,100,30.53,overcast clouds
295,Wanaka,NZ,-44.7,169.15,41.11,78,14,1.99,few clouds
296,Severo-Yeniseyskiy,RU,60.3725,93.0408,47.97,89,17,1.21,few clouds
297,Mogadishu,SO,2.0371,45.3438,75.99,82,100,17.49,overcast clouds
298,Puerto Colombia,CO,10.9878,-74.9547,82.49,82,12,19.37,few clouds
299,Nicoya,CR,10.1483,-85.452,77.14,87,89,5.3,overcast clouds
300,Smithers,CA,54.7804,-127.1743,64.72,72,75,5.75,broken clouds
301,Ossora,RU,59.2353,163.0719,60.17,75,43,6.2,scattered clouds
302,Zhangjiakou,CN,40.81,114.8794,76.84,40,100,2.37,overcast clouds
303,Sechura,PE,-5.5569,-80.8222,64.94,72,0,18.63,clear sky
304,Okato,NZ,-39.2,173.8833,50.68,76,37,13.13,scattered clouds
305,Nabire,ID,-3.3667,135.4833,79.09,90,79,2.33,broken clouds
306,Nouadhibou,MR,20.931,-17.0347,69.78,88,23,12.66,few clouds
307,Vilyuysk,RU,63.7553,121.6247,69.98,76,40,8.84,scattered clouds
308,Boguchany,RU,58.3814,97.4531,59.38,66,60,1.77,broken clouds
309,Bara,NG,10.3744,10.7288,73.67,84,100,2.48,overcast clouds
310,Pangoa,PE,-12.1167,-73.0,69.15,94,92,2.71,overcast clouds
311,Victoria,HK,22.2855,114.1577,87.96,88,100,11.01,overcast clouds
312,Vesyegonsk,RU,58.664,37.2604,50.54,98,52,5.32,broken clouds
313,Pevek,RU,69.7008,170.3133,39.02,65,100,2.15,overcast clouds
314,Half Moon Bay,US,37.4636,-122.4286,85.53,77,100,24.16,overcast clouds
315,Mukhen,RU,48.1,136.1,70.75,65,99,2.3,overcast clouds
316,Russell,US,32.3502,-85.1999,84.0,89,0,0.0,clear sky
317,Nome,US,64.5011,-165.4064,64.17,63,0,11.5,clear sky
318,Aksarka,RU,66.5606,67.7975,56.71,63,14,4.92,few clouds
319,Gamba,GA,-2.65,10.0,70.81,92,58,3.62,broken clouds
320,Samarai,PG,-10.6167,150.6667,78.48,68,100,15.68,overcast clouds
321,Lorengau,PG,-2.0226,147.2712,83.05,71,82,13.06,broken clouds
322,Iqaluit,CA,63.7506,-68.5145,67.73,42,20,24.16,few clouds
323,Barcelos,PT,41.5388,-8.6151,73.92,84,29,0.34,scattered clouds
324,Abalak,RU,58.1286,68.5944,59.79,94,82,5.88,broken clouds
325,Nyurba,RU,63.2842,118.3319,71.56,76,42,9.69,scattered clouds
326,Sierpc,PL,52.8568,19.6691,52.95,66,64,6.67,broken clouds
327,Baghdad,IQ,33.3406,44.4009,82.31,30,0,2.3,clear sky
328,Shimoda,JP,34.6667,138.95,77.36,93,100,7.09,overcast clouds
329,Qarqin,AF,37.4185,66.0436,84.06,16,0,5.93,clear sky
330,Luderitz,NA,-26.6481,15.1594,71.01,25,0,7.61,clear sky
331,Wahiawa,US,21.5028,-158.0236,80.92,63,100,9.22,overcast clouds
332,Tiarei,PF,-17.5333,-149.3333,78.82,70,21,25.68,light rain
333,Torres,BR,-29.3353,-49.7269,74.82,90,100,1.72,overcast clouds
334,Upernavik,GL,72.7868,-56.1549,48.04,62,2,5.88,clear sky
335,Deputatskiy,RU,69.3,139.9,53.6,64,84,7.27,broken clouds
336,Taksimo,RU,56.3444,114.8794,63.41,88,99,1.52,overcast clouds
337,Mmabatho,ZA,-25.85,25.6333,50.83,36,0,9.91,clear sky
338,Hot Springs,US,34.5037,-93.0552,95.4,36,0,10.36,clear sky
339,Biritiba-Mirim,BR,-23.5698,-46.0407,68.18,61,99,3.4,overcast clouds
340,Llangefni,GB,53.2556,-4.3106,59.65,84,100,5.75,overcast clouds
341,Pochutla,MX,15.7432,-96.4661,77.79,85,99,4.68,overcast clouds
342,Honiara,SB,-9.4333,159.95,85.64,63,52,7.49,broken clouds
343,Kashan,IR,33.9831,51.4364,87.39,15,0,2.3,clear sky
344,Xinyu,CN,27.8043,114.9334,85.15,71,100,5.99,overcast clouds
345,Matara,LK,5.9485,80.5353,75.85,91,74,7.78,broken clouds
346,Freeport,US,40.6576,-73.5832,80.56,62,0,9.22,clear sky
347,Aitape,PG,-3.1374,142.3475,80.89,83,84,5.55,heavy intensity rain
348,Linares,CL,-35.85,-71.6,42.69,95,100,4.38,overcast clouds
349,Matagami,CA,49.7502,-77.6328,73.51,43,0,6.91,clear sky
350,Chengde,CN,40.9725,117.9361,77.81,58,61,2.33,broken clouds
351,Inta,RU,66.0317,60.1659,68.13,71,32,13.29,scattered clouds
352,Saldanha,ZA,-33.0117,17.9442,53.65,74,79,7.34,broken clouds
353,Ambilobe,MG,-13.2,49.05,64.29,88,2,3.02,clear sky
354,Cedar City,US,37.6775,-113.0619,88.77,23,20,5.75,few clouds
355,Kutum,SD,14.2,24.6667,70.84,73,97,12.57,overcast clouds
356,Itoman,JP,26.1247,127.6694,86.4,89,75,9.22,broken clouds
357,Port Hedland,AU,-20.3167,118.5667,55.45,50,5,6.91,clear sky
358,Bandarbeyla,SO,9.4942,50.8122,79.79,71,77,29.62,broken clouds
359,Kyzyl-Suu,KG,42.3414,78.0056,59.22,54,4,6.22,clear sky
360,Ust-Tsilma,RU,65.441,52.1498,66.02,94,80,4.03,broken clouds
361,Kimbe,PG,-5.5502,150.1429,79.18,86,91,7.43,light rain
362,Invermere,CA,50.5167,-116.0354,92.43,17,1,9.17,clear sky
363,Manaus,BR,-3.1019,-60.025,84.69,79,40,5.75,scattered clouds
364,Soledar,UA,48.6794,38.089,66.63,57,0,2.73,clear sky
365,Qasigiannguit,GL,68.8193,-51.1922,44.85,74,21,3.22,few clouds
366,Durango,MX,24.8333,-104.8333,77.52,31,58,19.35,broken clouds
367,La Baule-Escoublac,FR,47.2922,-2.364,67.66,71,0,10.36,clear sky
368,Katangli,RU,51.7102,143.2326,59.56,79,97,11.45,overcast clouds
369,Maridi,SS,4.9158,29.4742,67.21,97,86,1.99,light rain
370,Casper,US,42.8666,-106.3131,86.72,31,0,8.05,clear sky
371,Kahului,US,20.8947,-156.47,87.82,65,40,26.46,scattered clouds
372,Oktyabrskiy,RU,54.4815,53.471,62.01,91,84,9.86,broken clouds
373,Kamenka,RU,51.3223,42.7678,61.45,70,0,7.09,clear sky
374,Domvraina,GR,38.25,22.9833,74.37,45,0,5.12,clear sky
375,Ostrovnoy,RU,68.0531,39.5131,56.98,90,100,5.32,light rain
376,Grand Gaube,MU,-20.0064,57.6608,69.39,81,91,5.99,light rain
377,Gobabis,NA,-22.45,18.9667,49.12,36,0,9.95,clear sky
378,Fukue,JP,32.6881,128.8419,80.96,83,75,9.22,broken clouds
379,Port Elizabeth,ZA,-33.918,25.5701,52.09,93,0,3.44,clear sky
380,Kirakira,SB,-10.4544,161.9205,84.29,69,64,9.78,broken clouds
381,Alta Floresta,BR,-9.8756,-56.0861,82.35,39,42,2.93,scattered clouds
382,Fort Frances,CA,48.5999,-93.4003,84.42,48,0,9.22,clear sky
383,Rayevskiy,RU,54.0658,54.9468,61.43,93,66,9.22,broken clouds
384,Miracema Do Tocantins,BR,-9.5618,-48.3967,79.09,38,3,3.96,clear sky
385,Severo-Kurilsk,RU,50.6789,156.125,56.62,89,85,8.97,overcast clouds
386,Yaan,NG,7.3833,8.5667,71.87,95,100,7.45,light rain
387,Adelaide,AU,-34.9333,138.6,53.22,50,78,8.99,broken clouds
388,Kulpahar,IN,25.3167,79.65,87.26,60,96,4.81,overcast clouds
389,Jaca,ES,42.569,-0.5499,77.99,41,4,5.28,clear sky
390,Asau,RO,46.4333,26.4,65.32,89,35,3.71,scattered clouds
391,Cherskiy,RU,68.75,161.3,64.18,35,79,8.3,broken clouds
392,Peniche,PT,39.3558,-9.3811,67.28,91,44,6.91,scattered clouds
393,Natal,BR,-5.795,-35.2094,79.02,78,0,10.36,clear sky
394,Henties Bay,NA,-22.116,14.2845,71.64,29,0,14.61,clear sky
395,Beringovskiy,RU,63.05,179.3167,46.81,74,34,4.94,scattered clouds
396,General Pico,AR,-35.6566,-63.7568,47.55,72,100,15.61,overcast clouds
397,Doha,QA,25.2867,51.5333,91.71,79,26,5.75,scattered clouds
398,Umm Lajj,SA,25.0213,37.2685,82.76,65,3,7.96,clear sky
399,Hualmay,PE,-11.0964,-77.6139,61.27,82,30,12.15,scattered clouds
400,Vanavara,RU,60.34,102.2797,58.12,68,100,0.58,overcast clouds
401,Sept-Iles,CA,50.2001,-66.3821,73.92,44,40,9.22,scattered clouds
402,Burley,US,42.5357,-113.7928,94.96,20,0,1.01,clear sky
403,Rawson,AR,-43.3002,-65.1023,40.95,78,83,10.65,broken clouds
404,La Ronge,CA,55.1001,-105.2842,86.25,21,20,9.22,few clouds
405,Jerez,GT,14.1,-89.75,86.45,42,0,3.44,clear sky
406,Wanlaweyn,SO,2.6185,44.8938,72.52,85,97,11.34,overcast clouds
407,Cilegon,ID,-6.0174,106.0538,76.59,91,100,11.03,moderate rain
408,Huilong,CN,31.8111,121.655,84.92,85,98,1.81,overcast clouds
409,Barra,BR,-11.0894,-43.1417,75.4,51,3,12.8,clear sky
410,Riviere-Au-Renard,CA,48.9957,-64.3971,64.69,73,56,7.78,broken clouds
411,Mount Hagen,PG,-5.8581,144.2274,63.36,88,75,0.0,fog
412,Hasaki,JP,35.7333,140.8333,75.29,92,100,10.65,light rain
413,Hirara,JP,24.8,125.2833,85.86,94,75,5.75,broken clouds
414,Havre-Saint-Pierre,CA,50.2334,-63.5986,61.16,77,100,6.91,overcast clouds
415,Fomboni,KM,-12.28,43.7425,76.93,71,5,21.97,clear sky
416,Kamina,CD,-8.7386,24.9906,62.02,59,2,4.63,clear sky
417,Sola,VU,-13.8833,167.55,80.22,75,31,19.91,scattered clouds
418,Guerrero Negro,MX,27.9769,-114.0611,72.7,66,30,19.19,scattered clouds
419,Pacifica,US,37.6138,-122.4869,82.15,79,20,24.16,few clouds
420,Anchorage,US,61.2181,-149.9003,62.76,75,100,15.01,light rain
421,Muhoroni,KE,-0.1541,35.1988,62.55,88,90,3.13,overcast clouds
422,Moron,AR,-34.6534,-58.6198,52.02,100,100,8.05,drizzle
423,Ceuta,ES,35.8903,-5.3075,75.24,89,2,10.69,clear sky
424,Tura,IN,25.5198,90.2201,74.26,96,12,4.61,few clouds
425,Manono,CD,-7.3,27.4167,79.12,36,85,8.77,overcast clouds
426,Westerland,DE,54.9079,8.3033,57.22,88,100,17.27,overcast clouds
427,Bushehr,IR,28.9684,50.8385,86.09,70,6,4.61,clear sky
428,Saint-Augustin,CA,51.226,-58.6502,60.13,75,49,11.14,scattered clouds
429,Springville,US,40.1652,-111.6107,89.67,38,0,4.61,clear sky
430,Yumen,CN,40.2833,97.2,70.77,41,100,5.93,overcast clouds
431,Robertsganj,IN,24.7,83.0667,82.11,69,78,8.5,broken clouds
432,Baykit,RU,61.67,96.37,50.68,98,95,0.81,moderate rain
433,Linxia,CN,35.6003,103.2064,61.32,85,100,0.4,overcast clouds
434,Amapa,BR,1.0,-52.0,71.76,97,41,2.3,scattered clouds
435,Isangel,VU,-19.55,169.2667,73.51,73,100,11.5,overcast clouds
436,Aleysk,RU,52.4926,82.7822,53.96,82,5,4.5,clear sky
437,Verkh-Usugli,RU,52.7,115.1667,62.65,85,100,3.4,overcast clouds
438,Fowa,NG,8.9167,6.4,73.2,93,97,4.21,light rain
439,Meridian,US,43.6121,-116.3915,100.81,15,0,8.05,clear sky
440,Vila Velha,BR,-20.3297,-40.2925,71.55,87,20,3.44,few clouds
441,Sobolevo,RU,54.4299,31.8996,49.35,97,1,6.69,clear sky
442,Douglas,US,41.3,-96.167,94.08,63,40,10.36,scattered clouds
443,Tautira,PF,-17.7333,-149.15,74.98,73,48,24.49,light rain
444,Vardo,NO,70.3705,31.1107,53.58,87,40,14.97,scattered clouds
445,Saveh,IR,35.0213,50.3566,79.97,28,0,5.37,clear sky
446,Gomel,BY,52.4345,30.9754,53.58,100,1,8.95,clear sky
447,Boddam,GB,57.4667,-1.7833,51.44,83,25,9.04,scattered clouds
448,Takaka,NZ,-40.85,172.8,53.56,65,50,3.58,scattered clouds
449,Port Lincoln,AU,-34.7333,135.8667,57.78,68,66,22.12,broken clouds
450,Tsabong,BW,-26.0217,22.401,56.46,30,0,10.71,clear sky
451,Nemuro,JP,43.3236,145.575,61.88,82,96,13.58,overcast clouds
452,Komsomolskiy,UZ,40.4272,71.7189,74.12,31,0,2.3,clear sky
453,Huarmey,PE,-10.0681,-78.1522,62.44,83,7,11.36,clear sky
454,Narsaq,GL,60.9167,-46.05,43.7,85,61,7.2,broken clouds
455,Kloulklubed,PW,7.0419,134.2556,80.69,85,100,17.6,overcast clouds
456,Grindavik,IS,63.8424,-22.4338,52.27,93,100,27.63,overcast clouds
457,Cabedelo,BR,-6.9811,-34.8339,75.87,86,2,13.82,clear sky
458,Laguna,US,38.421,-121.4238,104.34,22,0,6.91,clear sky
459,Uglovskoye,RU,51.3557,80.1942,64.04,78,45,5.17,scattered clouds
460,Durban,ZA,-29.8579,31.0292,62.02,90,97,1.01,overcast clouds
461,Nikolayevskaya,RU,47.6139,41.5023,69.06,47,19,5.68,few clouds
462,Shaowu,CN,27.3409,117.4831,86.13,68,100,1.41,overcast clouds
463,Segovia,ES,41.1667,-4.0,77.43,20,30,8.55,scattered clouds
464,Canala,NC,-21.5333,165.95,69.85,51,2,8.86,clear sky
465,Hit,IQ,33.6416,42.8251,90.18,24,0,12.37,clear sky
466,Marsa Matruh,EG,31.3525,27.2453,77.2,78,40,4.61,scattered clouds
467,Biltine,TD,14.5333,20.9167,75.09,79,100,10.76,light rain
468,Bongandanga,CD,1.5,21.05,70.72,95,84,0.81,moderate rain
469,Kuopio,FI,62.8924,27.677,53.55,94,0,5.75,clear sky
470,Port-Cartier,CA,50.0334,-66.8654,73.62,56,82,4.72,broken clouds
471,Yar-Sale,RU,66.8333,70.8333,56.23,64,5,7.45,clear sky
472,Altay,CN,47.8667,88.1167,63.61,35,2,3.02,clear sky
473,Barra Do Garcas,BR,-15.89,-52.2567,75.34,47,80,3.51,broken clouds
474,Port Hueneme,US,34.1478,-119.1951,103.51,65,0,11.5,clear sky
475,Poplar Bluff,US,36.757,-90.3929,89.49,49,0,1.01,clear sky
476,Danane,CI,7.2596,-8.155,70.34,99,65,2.75,broken clouds
477,Kemijarvi,FI,66.7131,27.4306,54.79,97,100,6.06,light rain
478,Assiniboia,CA,49.6334,-105.9845,94.82,21,34,9.22,scattered clouds
479,Artsvaberd,AM,40.8336,45.4711,61.02,65,0,4.76,clear sky
480,Atar,MR,20.5169,-13.0499,94.71,26,5,9.62,clear sky
481,Kalofer,BG,42.6167,24.9833,60.12,100,3,2.44,clear sky
482,At-Bashi,KG,41.1702,75.8106,53.35,68,6,1.05,clear sky
483,Zonguldak,TR,41.25,31.8333,56.44,95,0,3.24,clear sky
484,Adamovka,RU,51.5223,59.9396,64.18,78,0,9.48,clear sky
485,Vestmanna,FO,62.1564,-7.1664,47.32,87,100,1.14,overcast clouds
486,Akdepe,TM,42.0551,59.3788,78.89,23,3,8.16,clear sky
487,Kassala,SD,15.451,36.4,76.03,79,91,17.38,overcast clouds
488,Svetlogorsk,BY,52.6333,29.7333,49.89,95,2,6.67,clear sky
489,Kachug,RU,53.9606,105.8817,54.25,98,100,2.93,light rain
490,Dali,CN,25.7,100.1833,67.57,84,63,4.52,broken clouds
491,Fairbanks,US,64.8378,-147.7164,71.6,38,100,9.22,overcast clouds
492,Roma,US,43.2128,-75.4557,74.88,67,61,2.59,broken clouds
493,Dolores,AR,-36.3132,-57.6792,50.4,88,100,7.29,overcast clouds
494,San Cosme Y Damian,PY,-27.3167,-56.35,73.58,82,95,1.19,moderate rain
495,Escarcega,MX,18.6089,-90.7454,87.1,49,100,2.46,overcast clouds
496,Saint Pete Beach,US,27.7253,-82.7412,88.05,64,100,6.91,overcast clouds
497,Gazanjyk,TM,39.2446,55.5154,79.52,57,0,6.4,clear sky
498,Sakakah,SA,29.9697,40.2064,87.37,22,0,9.98,clear sky
499,Pangnirtung,CA,66.1451,-65.7125,62.74,43,34,3.24,scattered clouds
500,Martinsburg,US,39.4562,-77.9639,83.39,56,0,4.61,clear sky
501,Alice Springs,AU,-23.7,133.8833,49.55,34,0,2.3,clear sky
502,Narasannapeta,IN,18.4167,84.05,77.22,91,100,6.64,overcast clouds
503,Taganak,PH,6.0833,118.3,77.14,78,81,5.41,broken clouds
504,York,US,40.1254,-77.0,85.19,35,40,3.44,scattered clouds
505,Nuuk,GL,64.1835,-51.7216,38.88,100,91,15.01,overcast clouds
506,Saint-Joseph,RE,-21.3667,55.6167,62.98,81,40,10.02,light rain
507,Tecpan,GT,14.7623,-90.9947,61.9,85,100,3.49,overcast clouds
508,Victor Harbor,AU,-35.5667,138.6167,54.0,58,87,5.01,moderate rain
509,Pechora,RU,65.1472,57.2244,69.21,70,7,8.55,clear sky
510,Tahoua,NE,14.8888,5.2692,82.36,56,100,14.56,overcast clouds
511,Clyde River,CA,70.4692,-68.5914,55.63,47,0,14.97,clear sky
512,Isla Vista,US,34.4133,-119.861,103.39,43,0,5.75,clear sky
513,Liuli,TZ,-11.0833,34.6333,71.06,67,53,7.7,light rain
514,Saint-Pierre,RE,-21.3393,55.4781,65.91,72,20,6.91,few clouds
515,Pop,UZ,40.8736,71.1089,75.69,26,0,5.32,clear sky
516,Tessalit,ML,20.1986,1.0114,92.93,25,81,7.34,broken clouds
517,Joensuu,FI,62.6012,29.7632,50.49,93,0,1.14,clear sky
518,Strezhevoy,RU,60.7333,77.5889,59.29,72,89,1.32,overcast clouds
519,Krasnoselkup,RU,65.7,82.4667,58.39,60,100,7.74,overcast clouds
520,San Rafael,AR,-34.6177,-68.3301,38.68,63,100,12.1,overcast clouds
521,Lata,PT,40.1629,-8.3327,63.57,85,55,1.79,broken clouds
522,Olafsvik,IS,64.8945,-23.7142,51.26,90,100,16.02,light rain
523,Amahai,ID,-3.3333,128.9167,77.38,91,100,5.99,overcast clouds
524,Brejo,BR,-3.6844,-42.7503,75.31,84,84,5.08,broken clouds
525,Vila Franca Do Campo,PT,37.7167,-25.4333,70.21,91,51,11.21,light rain
526,Gallup,US,35.5281,-108.7426,81.36,46,20,11.5,few clouds
527,Yerbogachen,RU,61.2767,108.0108,61.3,66,100,1.52,overcast clouds
528,Baiyin,CN,36.5583,104.2081,64.42,68,100,2.42,overcast clouds
529,Zhanaozen,KZ,43.3,52.8,82.0,31,5,13.78,clear sky
530,Lappeenranta,FI,61.0587,28.1887,51.85,100,40,4.61,scattered clouds
531,Letterkenny,IE,54.95,-7.7333,49.82,95,52,1.79,broken clouds
532,Steenwijk,NL,52.7875,6.1208,64.94,76,68,1.99,broken clouds
533,Quatre Cocos,MU,-20.2078,57.7625,69.1,81,94,17.9,light rain
534,Lancaster,US,40.2504,-76.2499,85.23,62,0,3.44,clear sky
535,Ghorawal,IN,24.7667,82.7833,83.17,66,88,8.84,overcast clouds
536,Zheshart,RU,62.0731,49.5733,60.08,98,99,4.34,overcast clouds
537,Bataipora,BR,-22.2953,-53.2711,74.89,36,95,5.84,overcast clouds
538,Changli,CN,39.7042,119.1506,79.95,66,65,6.53,broken clouds
539,Banes,CU,20.9625,-75.7186,79.45,84,100,8.88,overcast clouds
540,Algeciras,ES,36.1333,-5.4505,74.88,69,0,11.5,clear sky
541,Buckeye,US,33.3703,-112.5838,115.12,17,12,8.05,few clouds
542,Wilmington,US,34.2257,-77.9447,80.94,84,75,3.44,broken clouds
543,Ryazhsk,RU,53.7038,40.1109,60.62,81,100,5.59,overcast clouds
544,Zyryanovsk,KZ,49.7386,84.2719,58.48,67,48,1.81,scattered clouds
545,Buraydah,SA,26.326,43.975,90.05,12,92,9.53,overcast clouds
546,Gillette,US,44.2911,-105.5022,86.92,29,75,25.32,broken clouds
547,Camana,PE,-16.6228,-72.7111,59.56,85,44,12.1,scattered clouds
548,Diamantino,BR,-14.4086,-56.4461,78.01,42,91,3.76,overcast clouds
549,Nueve De Julio,AR,-35.4444,-60.8831,46.74,78,97,8.16,overcast clouds
550,Kodino,RU,63.7198,39.6447,54.45,99,94,4.41,overcast clouds
551,Trairi,BR,-3.2778,-39.2689,77.67,79,74,8.25,broken clouds
552,Lavumisa,SZ,-27.31,31.892,60.78,84,48,2.48,scattered clouds
553,Mackay,AU,-21.15,149.2,69.67,74,4,15.28,clear sky
554,Abha,SA,18.2164,42.5053,71.42,60,40,3.44,scattered clouds
555,Salamiyah,SY,35.0113,37.0532,70.86,75,0,13.15,clear sky
556,Malakal,SS,9.5334,31.6605,69.66,89,59,2.57,broken clouds
557,Nioro,GM,13.35,-15.75,80.37,82,68,8.75,light rain
558,Muros,ES,42.7762,-9.0603,65.08,92,71,1.34,broken clouds
559,Mendeleyevo,RU,56.0333,37.2167,56.98,76,0,8.95,clear sky
560,Daru,PG,-9.0763,143.2092,78.42,67,54,16.22,broken clouds
561,Loiza,PR,18.4313,-65.8802,84.2,82,20,12.66,few clouds
562,Southbridge,US,42.0751,-72.0334,79.86,68,17,4.61,few clouds
563,Te Anau,NZ,-45.4167,167.7167,39.42,81,35,1.57,scattered clouds
564,Zeya,RU,53.75,127.2667,73.58,69,77,1.57,broken clouds
565,Hohhot,CN,40.8106,111.6522,73.69,49,20,15.66,few clouds
566,Grand-Lahou,CI,5.1367,-5.0242,75.36,91,77,11.7,light rain
567,Cururupu,BR,-1.8283,-44.8683,73.13,97,83,2.46,broken clouds
568,Padang,ID,-0.9492,100.3543,77.05,86,89,3.58,overcast clouds
569,Jambi,ID,-1.6,103.6167,72.86,94,76,1.34,broken clouds
570,Zhigansk,RU,66.7697,123.3711,54.93,60,41,19.75,scattered clouds
571,Xinqing,CN,48.2333,129.5,71.65,69,76,9.62,broken clouds
572,Potenza Picena,IT,43.3684,13.6223,72.73,46,0,3.69,clear sky
573,Bac Lieu,VN,9.285,105.7244,79.92,85,65,8.43,broken clouds
574,Amalapuram,IN,16.5833,82.0167,78.46,89,100,5.44,overcast clouds
575,Veraval,IN,20.9,70.3667,81.34,86,99,22.26,overcast clouds
576,Aksha,RU,50.2814,113.2867,61.05,97,100,2.68,light rain
577,Yeppoon,AU,-23.1333,150.7333,64.18,75,30,13.31,scattered clouds
578,Slupca,PL,52.2873,17.8719,55.02,59,97,6.2,overcast clouds
579,Torit,SS,4.4133,32.5678,68.5,97,94,1.52,light rain
580,Tabas,IR,33.5959,56.9244,81.81,13,0,6.76,clear sky
581,Aquin,HT,18.2833,-73.4,80.22,78,25,2.57,scattered clouds
582,Dunedin,NZ,-45.8742,170.5036,49.8,52,19,8.99,few clouds
583,Alofi,NU,-19.0595,-169.9187,82.29,61,55,16.11,broken clouds
584,Riachao Das Neves,BR,-11.7461,-44.91,70.39,44,38,2.01,scattered clouds
585,Longyearbyen,SJ,78.2186,15.6401,55.24,62,75,11.5,light rain
586,Viedma,AR,-40.8135,-62.9967,45.1,80,100,14.79,overcast clouds
587,Penzance,GB,50.1186,-5.5371,59.68,81,49,10.71,scattered clouds
588,Kerman,IR,30.2832,57.0788,75.06,14,0,13.8,clear sky
589,Gorontalo,ID,0.5412,123.0595,78.62,89,100,1.77,overcast clouds
590,Tiznit,MA,29.5833,-9.5,75.6,57,39,1.52,scattered clouds
591,Fuerte Olimpo,PY,-21.0415,-57.8738,87.71,29,93,9.37,overcast clouds
592,Mookane,BW,-23.688,26.6595,52.57,65,3,6.62,clear sky
593,Quime,BO,-16.9833,-67.2167,48.29,56,90,3.24,overcast clouds
594,Inverell,AU,-29.7833,151.1167,51.15,69,41,5.01,scattered clouds
595,Humaita,BR,-7.5061,-63.0208,84.42,52,60,0.78,broken clouds
596,Metro,ID,-5.1131,105.3067,74.01,94,100,11.39,light rain
597,Callaway,US,30.153,-85.5699,82.33,79,40,4.0,scattered clouds
598,Chara,RU,56.9064,118.2631,70.74,64,86,1.92,overcast clouds
599,Hovd,MN,48.0056,91.6419,60.91,35,2,2.19,clear sky
600,La Orilla,MX,17.9833,-102.2333,83.12,75,100,6.71,overcast clouds
601,Yinchuan,CN,38.4681,106.2731,76.57,44,100,4.65,overcast clouds
602,Panormos,GR,35.4182,24.6909,78.66,70,0,8.01,clear sky
603,Asilah,MA,35.465,-6.0348,85.96,70,0,5.95,clear sky
604,Caninde,BR,-4.3589,-39.3117,74.77,65,62,2.66,broken clouds
605,Turukhansk,RU,65.8167,87.9833,58.17,71,96,11.05,overcast clouds
606,Dubbo,AU,-32.25,148.6167,39.33,87,100,5.75,overcast clouds
607,Kokoda,PG,-8.8785,147.7407,80.46,77,93,3.85,overcast clouds
608,Villarrica,PY,-25.75,-56.4333,75.96,64,100,4.09,overcast clouds
609,Weiser,US,44.251,-116.9693,101.32,16,0,4.0,clear sky
610,Bairiki,KI,1.3292,172.9752,78.8,94,75,9.22,moderate rain
611,Hranice,CZ,49.548,17.7347,57.52,76,39,3.47,scattered clouds
612,Kieta,PG,-6.2167,155.6333,84.85,65,74,5.44,broken clouds
613,Namalenga,TZ,-10.95,39.1,62.76,90,63,2.82,broken clouds
614,Takab,IR,36.4009,47.1133,67.93,37,0,8.81,clear sky
615,Nizhneangarsk,RU,55.7833,109.55,50.2,94,99,2.13,overcast clouds
616,Osakarovka,KZ,50.565,72.5692,68.29,53,0,1.43,clear sky
617,Ponta Delgada,PT,37.7333,-25.6667,70.52,73,20,11.5,few clouds
618,Sherghati,IN,24.5667,84.7833,82.02,72,19,5.7,few clouds
619,Nortelandia,BR,-14.4547,-56.8028,76.89,47,100,4.65,overcast clouds
620,Chernyshevskiy,RU,63.0128,112.4714,57.13,98,100,5.86,moderate rain
621,Medea,DZ,36.2642,2.7539,71.6,35,0,2.95,clear sky
622,Vinzili,RU,56.9594,65.7708,70.11,98,100,2.84,overcast clouds
623,Pokhara,NP,28.2333,83.9833,71.38,82,71,4.54,broken clouds
624,Borzya,RU,50.3833,116.5167,62.73,96,97,6.6,overcast clouds
625,Nalut,LY,30.3333,10.85,79.45,26,0,11.54,clear sky
626,Copiapo,CL,-27.3667,-70.3333,47.89,93,95,5.12,overcast clouds
627,Manacapuru,BR,-3.2997,-60.6206,79.84,75,93,2.98,overcast clouds
628,Halvad,IN,23.0167,71.1833,80.56,85,99,13.78,overcast clouds
629,Estevan,CA,49.1334,-102.9842,89.22,55,0,11.5,clear sky
630,Gupitan,PH,7.7758,125.6406,79.99,85,53,2.01,broken clouds
631,Kestel,TR,40.1983,29.2124,60.28,64,0,3.2,clear sky
632,Sorong,ID,-0.8833,131.25,78.6,89,84,9.62,broken clouds
633,Mitu,CO,1.1983,-70.1733,70.95,98,100,2.19,overcast clouds
634,Sokoni,TZ,-6.4333,39.55,76.05,82,75,17.6,broken clouds
635,Simoes,BR,-7.5989,-40.8178,71.91,48,5,7.4,clear sky
636,Katyuzhanka,UA,50.806,30.1376,58.59,89,5,5.41,clear sky
637,Tarko-Sale,RU,64.9225,77.785,58.93,58,97,5.35,overcast clouds
638,Dalmatovo,RU,56.26,62.9362,63.52,93,99,6.33,overcast clouds
639,Nagorsk,RU,59.3172,50.8078,57.16,98,94,4.74,overcast clouds
640,Vao,NC,-22.6667,167.4833,68.79,54,1,19.26,clear sky
641,Wellin,BE,50.0813,5.1141,57.58,83,0,0.92,clear sky
642,Shingu,JP,33.7333,135.9833,73.15,97,100,4.21,moderate rain
643,Lowestoft,GB,52.4752,1.7516,62.02,74,32,10.02,scattered clouds
644,Auki,SB,-8.7676,160.7034,84.78,60,98,4.21,overcast clouds
645,Pirajui,BR,-21.9986,-49.4572,70.18,40,96,3.89,overcast clouds
646,Maroon Town,JM,18.3446,-77.7954,80.6,89,94,2.98,overcast clouds
647,Garowe,SO,8.4054,48.4845,75.88,68,70,24.29,broken clouds
648,Nalgonda,IN,17.05,79.2667,77.4,77,99,13.78,overcast clouds
649,Puerto Carreno,CO,6.189,-67.4859,78.78,89,75,6.91,broken clouds
650,Chinhoyi,ZW,-17.3667,30.2,55.83,63,71,8.61,broken clouds
651,Darab,IR,28.7519,54.5444,81.64,13,100,6.26,overcast clouds
652,Casa Grande,US,32.8795,-111.7573,111.33,19,0,8.01,clear sky
653,Cumana,VE,10.4635,-64.1775,76.51,90,100,9.64,overcast clouds
654,Millinocket,US,45.6573,-68.7098,78.91,34,0,9.22,clear sky
655,Merauke,ID,-8.4667,140.3333,76.8,73,99,15.01,overcast clouds
656,Uyuni,BO,-20.4597,-66.825,35.92,18,1,20.98,clear sky
657,Darhan,MN,49.4867,105.9228,62.37,66,84,7.05,broken clouds
658,Falkenberg,SE,56.9055,12.4912,58.26,80,38,15.86,moderate rain
659,Almaty,KZ,43.25,76.95,62.51,55,0,0.0,clear sky
660,Panama City,PA,8.9936,-79.5197,84.15,82,40,4.61,scattered clouds
661,Koutsouras,GR,35.0339,25.9469,79.11,46,0,11.03,clear sky
662,Black River,JM,18.0264,-77.8487,80.24,78,84,1.19,light rain
663,Brae,GB,60.3964,-1.353,49.1,80,23,8.14,few clouds
664,Maues,BR,-3.3836,-57.7186,78.44,77,72,2.71,broken clouds
665,Boa Vista,BR,2.8197,-60.6733,80.58,74,20,3.44,few clouds
666,Bubaque,GW,11.2833,-15.8333,80.53,81,100,12.33,overcast clouds
667,Solnechnyy,RU,50.7214,136.6319,74.19,67,80,5.08,broken clouds
668,Ardakan,IR,32.31,54.0175,79.21,14,0,6.46,clear sky
669,Mount Gambier,AU,-37.8333,140.7667,47.86,64,100,15.39,overcast clouds
670,Bouca,CF,6.5105,18.2733,69.98,95,100,2.19,overcast clouds
671,Oum Hadjer,TD,13.2954,19.6966,78.93,73,90,4.16,light rain
672,San Matias,BO,-16.3667,-58.4,80.49,39,96,6.08,overcast clouds
673,Hobyo,SO,5.3505,48.5268,76.84,74,90,26.75,overcast clouds
674,Terrell,US,32.736,-96.2753,99.18,39,0,10.36,clear sky
675,Acurenam,GQ,1.0322,10.6488,65.12,99,46,3.29,scattered clouds
676,High Level,CA,58.5169,-117.136,75.31,43,75,4.61,broken clouds
677,Chapais,CA,49.7834,-74.8492,71.38,49,100,8.05,overcast clouds
678,Pedernales,DO,18.0384,-71.744,82.26,74,96,2.68,overcast clouds
679,Blythe,US,33.6103,-114.5964,111.65,18,75,10.36,broken clouds
680,Krasnyy Yar,RU,46.5331,48.3456,75.13,37,4,7.63,clear sky
681,Butajira,ET,8.1167,38.3667,57.6,88,96,4.27,overcast clouds
682,Esso,RU,55.9333,158.7,66.45,85,99,6.04,light rain
683,Chumphon,TH,10.3333,98.8333,73.29,94,100,3.24,overcast clouds
684,Cayenne,GF,4.9333,-52.3333,76.08,1,100,0.0,overcast clouds
685,Kargil,IN,34.5667,76.1,53.65,66,97,5.82,overcast clouds
686,Ystad,SE,55.4297,13.8204,56.14,81,51,12.35,broken clouds
687,Logansport,US,40.7545,-86.3567,72.25,93,100,3.44,light rain
688,Roald,NO,62.5833,6.1333,51.33,93,100,4.61,overcast clouds
689,Xapuri,BR,-10.6517,-68.5044,80.82,62,82,2.89,broken clouds
690,Taltal,CL,-25.4,-70.4833,55.06,71,33,1.52,scattered clouds
691,Kangaatsiaq,GL,68.3065,-53.4641,38.08,93,34,14.52,scattered clouds
692,Waterloo,CA,43.4668,-80.5164,77.59,44,75,4.0,broken clouds
693,Itarema,BR,-2.9248,-39.9167,78.55,79,59,12.3,broken clouds
694,Rancho Palos Verdes,US,33.7445,-118.387,88.43,80,64,8.01,broken clouds
695,Tulsipur,NP,28.131,82.2973,76.66,77,8,4.74,clear sky
696,Praia,CV,14.9215,-23.5087,75.74,78,40,10.36,scattered clouds
697,Lamu,KE,-2.2717,40.902,73.62,83,95,14.61,overcast clouds
698,Ketchikan,US,55.3422,-131.6461,57.67,88,100,10.36,light rain
699,Naze,JP,28.3667,129.4833,83.32,85,99,15.48,overcast clouds
700,Rocha,UY,-34.4833,-54.3333,56.1,99,88,4.97,overcast clouds
701,Nador,MA,35.174,-2.9287,77.25,83,0,5.75,clear sky
702,Muisne,EC,0.6,-80.0333,73.35,84,98,9.22,overcast clouds
703,Labuhan,ID,-6.8844,112.2051,77.85,85,82,6.6,broken clouds
704,Totness,SR,5.8833,-56.3167,77.38,88,92,7.63,moderate rain
705,Praia Da Vitoria,PT,38.7333,-27.0667,70.75,94,40,13.29,scattered clouds
706,Tukrah,LY,32.5341,20.5791,75.33,70,0,7.54,clear sky
707,Oeiras Do Para,BR,-2.0031,-49.8544,78.31,79,100,3.18,overcast clouds
708,Surman,LY,32.7567,12.5716,78.22,55,0,10.13,clear sky
